1, sales, 6.619965170000002e-05
2, bones, 4.52838204e-05
3, tones, 4.3542135e-05
4, tales, 3.90942825e-05
5, fares, 3.607843785000001e-05
6, lanes, 3.2526443040000004e-05
7, seats, 3.205056582e-05
8, shoes, 3.1950251059999996e-05
9, sites, 3.119141844e-05
10, tries, 3.114165600000001e-05
11, tires, 3.0700214999999996e-05
12, sorts, 2.9105748875e-05
13, males, 2.8669140500000004e-05
14, boats, 2.6077888199999997e-05
15, saves, 2.5534151370000003e-05
16, tiles, 2.528253e-05
17, trees, 2.4978203249999998e-05
18, fires, 2.33321634e-05
19, coins, 2.33281944e-05
20, mines, 2.22486264e-05
21, beans, 2.190258252e-05
22, cases, 2.1110912550000005e-05
23, lines, 2.1035064959999996e-05
24, wales, 2.0850284e-05
25, roles, 2.0803464499999998e-05
26, bases, 2.0329026900000004e-05
27, beats, 1.968459948e-05
28, dates, 1.9368424530000002e-05
29, loans, 1.9344161199999997e-05
30, files, 1.92147228e-05
31, boots, 1.9137805049999998e-05
32, miles, 1.8540522e-05
33, sides, 1.83478932e-05
34, bears, 1.8298360080000003e-05
35, tears, 1.7594577e-05
36, trans, 1.74601455e-05
37, tools, 1.7365018125e-05
38, carey, 1.7159540580000003e-05
39, sells, 1.7073733950000006e-05
40, codes, 1.6794823499999998e-05
41, tunes, 1.6574102999999996e-05
42, wires, 1.6373448000000003e-05
43, rates, 1.6330240289999996e-05
44, wines, 1.61808192e-05
45, comes, 1.56751686e-05
46, calls, 1.5543199350000002e-05
47, souls, 1.55102052e-05
48, means, 1.54441287e-05
49, fails, 1.5000420960000001e-05
50, holes, 1.4997846500000003e-05
51, balls, 1.4967525300000004e-05
52, genes, 1.4899837680000002e-05
53, pairs, 1.4776534080000003e-05
54, mails, 1.4474090400000002e-05
55, tions, 1.42665705e-05
56, paris, 1.4074555425000002e-05
57, parts, 1.4074555425000002e-05
58, slots, 1.4072381049999998e-05
59, pants, 1.3908972420000001e-05
60, cents, 1.3847602860000002e-05
61, sends, 1.37609199e-05
62, fears, 1.337187852e-05
63, moses, 1.330454125e-05
64, pools, 1.3197413775e-05
65, meals, 1.30981851e-05
66, teens, 1.3077689624999998e-05
67, ports, 1.3063210124999999e-05
68, gates, 1.291228302e-05
69, fonts, 1.2909525299999999e-05
70, pages, 1.27335663e-05
71, saint, 1.2707075424000001e-05
72, cards, 1.2676489875000001e-05
73, seeds, 1.2614176575e-05
74, suits, 1.2512710559999999e-05
75, beads, 1.2476154600000001e-05
76, shots, 1.2464108929999999e-05
77, deals, 1.2145589820000002e-05
78, bands, 1.2063378600000002e-05
79, bored, 1.1970067200000002e-05
80, spies, 1.196010816e-05
81, toner, 1.1907441e-05
82, faces, 1.1884661880000001e-05
83, brass, 1.1722609079999998e-05
84, blues, 1.1686147200000002e-05
85, doors, 1.1631970349999998e-05
86, babes, 1.1616586800000001e-05
87, modes, 1.1403892499999997e-05
88, bonds, 1.1196549e-05
89, belts, 1.1112273900000001e-05
90, loads, 1.1018825999999998e-05
91, falls, 1.0937806950000002e-05
92, cells, 1.0889546850000003e-05
93, goals, 1.0726874200000001e-05
94, money, 1.06870764e-05
95, tapes, 1.0611305249999999e-05
96, roots, 1.0550328424999997e-05
97, gains, 1.0550178240000002e-05
98, three, 1.0430647499999998e-05
99, roses, 1.0401732249999999e-05
100, moves, 1.026350325e-05
101, polls, 1.0151856750000002e-05
102, songs, 1.0127932500000002e-05
103, times, 1.0113011999999997e-05
104, maine, 1.0100560800000001e-05
105, tells, 1.008291375e-05
106, thats, 1.0029956999999996e-05
107, lions, 9.89148888e-06
108, jones, 9.8695506e-06
109, wants, 9.7606824e-06
110, penis, 9.74460942e-06
111, loves, 9.7036758e-06
112, bills, 9.6795972e-06
113, plans, 9.5760798e-06
114, since, 9.355409280000002e-06
115, share, 9.34391832e-06
116, sense, 9.23011362e-06
117, roads, 9.111721499999998e-06
118, dolls, 9.08324025e-06
119, sorry, 9.055493700000002e-06
120, tours, 9.02286e-06
121, races, 8.965622119999999e-06
122, wages, 8.935836e-06
123, cross, 8.933762564999999e-06
124, foods, 8.863934624999999e-06
125, class, 8.784984599999999e-06
126, sheet, 8.717352644e-06
127, shine, 8.65888032e-06
128, meets, 8.619135525e-06
129, cakes, 8.44436502e-06
130, feels, 8.429315895000001e-06
131, seeks, 8.40945105e-06
132, leads, 8.3174364e-06
133, peers, 8.303505210000001e-06
134, sauce, 8.26641984e-06
135, sally, 8.156557220000003e-06
136, tried, 8.134963200000001e-06
137, books, 8.0863965e-06
138, banks, 8.042252400000001e-06
139, lands, 8.0422524e-06
140, waves, 8.0422524e-06
141, marie, 8.037563875e-06
142, tired, 8.019648e-06
143, signs, 7.9641954e-06
144, basis, 7.930554450000001e-06
145, rules, 7.918738100000002e-06
146, birds, 7.894341e-06
147, diane, 7.82367336e-06
148, takes, 7.8188565e-06
149, tanks, 7.732935000000001e-06
150, walls, 7.675654000000001e-06
151, rolls, 7.658418250000001e-06
152, costs, 7.643797875000001e-06
153, burns, 7.57109535e-06
154, seems, 7.568505945e-06
155, chaos, 7.47584964e-06
156, chris, 7.42540365e-06
157, moore, 7.424166749999999e-06
158, sluts, 7.422794399999999e-06
159, suite, 7.405481759999999e-06
160, sheer, 7.393197812e-06
161, monte, 7.372249499999999e-06
162, trace, 7.325051999999999e-06
163, turns, 7.279899374999999e-06
164, teams, 7.1977815e-06
165, buses, 7.182111299999999e-06
166, games, 7.089096560000001e-06
167, pills, 7.073551800000002e-06
168, casey, 7.065693180000002e-06
169, notes, 7.049679e-06
170, saver, 6.982808742000001e-06
171, reads, 6.877880099999999e-06
172, shore, 6.857230380000001e-06
173, stats, 6.8484115e-06
174, mills, 6.825357000000001e-06
175, breed, 6.7859151359999995e-06
176, areas, 6.779798025000001e-06
177, lives, 6.7612708799999985e-06
178, louis, 6.729777599999999e-06
179, peace, 6.71488272e-06
180, panel, 6.694217712000001e-06
181, saved, 6.670145664e-06
182, sandy, 6.573941640000002e-06
183, talks, 6.4441125e-06
184, booty, 6.40530618e-06
185, shade, 6.370853399999999e-06
186, stars, 6.366129000000001e-06
187, leone, 6.341992019999999e-06
188, board, 6.3324518400000006e-06
189, plots, 6.315950550000001e-06
190, coast, 6.272427779999999e-06
191, solid, 6.2614048e-06
192, carry, 6.222690540000001e-06
193, woods, 6.220304999999999e-06
194, rides, 6.212278799999999e-06
195, belle, 6.2061363000000006e-06
196, salad, 6.176060800000001e-06
197, alias, 6.099912000000002e-06
198, force, 6.0979169999999995e-06
199, fired, 6.09493248e-06
200, honey, 6.023624880000001e-06
201, solar, 6.000972250000001e-06
202, homes, 5.999138600000001e-06
203, votes, 5.99222715e-06
204, barry, 5.992220520000002e-06
205, bonus, 5.9714928e-06
206, parks, 5.946995250000002e-06
207, watts, 5.9261285999999995e-06
208, lance, 5.92318272e-06
209, clone, 5.91043635e-06
210, trade, 5.8862025e-06
211, words, 5.810175e-06
212, dance, 5.80927536e-06
213, marks, 5.738328750000001e-06
214, makes, 5.733828100000001e-06
215, paint, 5.703175584000001e-06
216, finds, 5.7010716e-06
217, plane, 5.6674758e-06
218, feeds, 5.661480825e-06
219, taxes, 5.5848975e-06
220, lease, 5.578906319999999e-06
221, slide, 5.568696e-06
222, dried, 5.531774976e-06
223, minds, 5.501034e-06
224, lined, 5.494874111999999e-06
225, loose, 5.423936699999999e-06
226, lakes, 5.4210738400000005e-06
227, fotos, 5.409272925000001e-06
228, later, 5.400527496e-06
229, boxes, 5.390930999999999e-06
230, looks, 5.390930999999999e-06
231, sarah, 5.39026735e-06
232, posts, 5.378968875e-06
233, wells, 5.377554000000001e-06
234, farms, 5.352295725000001e-06
235, whats, 5.3493103999999985e-06
236, tests, 5.342439374999999e-06
237, press, 5.319533835e-06
238, based, 5.310439680000001e-06
239, point, 5.2933665600000015e-06
240, goods, 5.28725925e-06
241, silly, 5.274899280000002e-06
242, nails, 5.263305600000001e-06
243, bikes, 5.258766239999999e-06
244, bless, 5.253147899999999e-06
245, corps, 5.229157500000001e-06
246, pipes, 5.21542476e-06
247, wives, 5.200977599999999e-06
248, cited, 5.196731903999999e-06
249, leeds, 5.164859699999999e-06
250, girls, 5.123449800000001e-06
251, grass, 5.10985524e-06
252, raise, 5.097935519999999e-06
253, plate, 5.093554199999999e-06
254, dated, 5.059506816000001e-06
255, filed, 5.01935616e-06
256, meant, 4.97994354e-06
257, forms, 4.9676996250000005e-06
258, heads, 4.9584716999999995e-06
259, fairy, 4.945615488000001e-06
260, terms, 4.933963125e-06
261, false, 4.92751035e-06
262, joins, 4.896040800000001e-06
263, hints, 4.892030639999999e-06
264, chess, 4.83174153e-06
265, cause, 4.801543919999999e-06
266, hands, 4.794419700000001e-06
267, sound, 4.777313280000001e-06
268, craps, 4.773913200000001e-06
269, jeans, 4.773639780000001e-06
270, dress, 4.759582905e-06
271, brand, 4.743458304000001e-06
272, bride, 4.739342399999999e-06
273, party, 4.710667530000001e-06
274, chile, 4.683718080000001e-06
275, santa, 4.680147612000001e-06
276, facts, 4.63632414e-06
277, danny, 4.634542584000001e-06
278, chase, 4.60507356e-06
279, beast, 4.559313096e-06
280, fence, 4.548791520000001e-06
281, folks, 4.5456075e-06
282, tuner, 4.532509799999999e-06
283, satin, 4.531069551e-06
284, taste, 4.513070625e-06
285, wiley, 4.5130176e-06
286, poems, 4.500151425e-06
287, daily, 4.492070208000001e-06
288, ranks, 4.4335494e-06
289, boost, 4.4326655099999995e-06
290, dairy, 4.425024384e-06
291, spots, 4.422748329999999e-06
292, gives, 4.420830960000001e-06
293, blade, 4.417686e-06
294, fleet, 4.41735294e-06
295, forty, 4.37217645e-06
296, price, 4.30996608e-06
297, seven, 4.308010434e-06
298, salon, 4.292065330000001e-06
299, wired, 4.2771456e-06
300, rated, 4.265858687999999e-06
301, const, 4.24906398e-06
302, shake, 4.2472356e-06
303, berry, 4.198142520000001e-06
304, candy, 4.192828920000001e-06
305, names, 4.1700568e-06
306, alone, 4.15919595e-06
307, water, 4.15425192e-06
308, peter, 4.147411086e-06
309, nodes, 4.14687e-06
310, tracy, 4.1424432e-06
311, cover, 4.13358309e-06
312, alien, 4.11308352e-06
313, butts, 4.082641289999999e-06
314, brake, 4.0811003999999995e-06
315, sunny, 4.077330936e-06
316, hopes, 4.0708440499999995e-06
317, state, 4.0531414999999996e-06
318, socks, 4.051173e-06
319, boobs, 4.04319825e-06
320, terry, 4.0366755e-06
321, place, 4.0174512e-06
322, title, 4.013266499999999e-06
323, rooms, 4.012096724999999e-06
324, coach, 4.01036832e-06
325, meter, 4.00188789e-06
326, winds, 4.000752e-06
327, davis, 4.000136805e-06
328, larry, 3.994813680000001e-06
329, tract, 3.9908904e-06
330, tubes, 3.946214999999999e-06
331, shirt, 3.941283456000001e-06
332, brain, 3.930052776e-06
333, arise, 3.925147679999999e-06
334, dealt, 3.916333044000001e-06
335, worse, 3.897165e-06
336, works, 3.87345e-06
337, piece, 3.848977439999999e-06
338, hills, 3.847019400000001e-06
339, write, 3.8346816e-06
340, shame, 3.82251204e-06
341, close, 3.81559815e-06
342, train, 3.7788968999999993e-06
343, count, 3.76107624e-06
344, gross, 3.7499744099999994e-06
345, short, 3.7360082760000007e-06
346, hours, 3.7294488000000007e-06
347, holds, 3.7082587500000006e-06
348, dense, 3.70658106e-06
349, laser, 3.7062443600000006e-06
350, ships, 3.7039296000000005e-06
351, diary, 3.6963527040000003e-06
352, glass, 3.6875244000000003e-06
353, phone, 3.68385927e-06
354, colin, 3.6815026500000003e-06
355, fancy, 3.671744832000001e-06
356, motel, 3.639936299999999e-06
357, wrote, 3.6349586e-06
358, penny, 3.6289496880000008e-06
359, loops, 3.5939539999999994e-06
360, booth, 3.5932205399999997e-06
361, james, 3.5445482800000003e-06
362, salem, 3.5126345800000005e-06
363, shops, 3.5110166e-06
364, belly, 3.5096770800000008e-06
365, likes, 3.5058441599999996e-06
366, crops, 3.5034363e-06
367, links, 3.4673183999999997e-06
368, pride, 3.4633655999999995e-06
369, firms, 3.4613649e-06
370, tooth, 3.4550197499999994e-06
371, walks, 3.43686e-06
372, paste, 3.4299336750000003e-06
373, janet, 3.428807928000001e-06
374, there, 3.4265384999999996e-06
375, trips, 3.42216e-06
376, daisy, 3.4193370239999997e-06
377, lists, 3.4191611999999997e-06
378, canal, 3.3974413200000002e-06
379, chose, 3.37952979e-06
380, grace, 3.3206902400000004e-06
381, spare, 3.3155839199999998e-06
382, hired, 3.31478784e-06
383, print, 3.3126229439999996e-06
384, stone, 3.3096358750000003e-06
385, route, 3.293576399999999e-06
386, canon, 3.2849507880000005e-06
387, chart, 3.246903792e-06
388, phase, 3.24060732e-06
389, billy, 3.2397019200000003e-06
390, tasks, 3.22205625e-06
391, blair, 3.22067928e-06
392, genre, 3.1978346400000004e-06
393, creek, 3.193131942000001e-06
394, coral, 3.1908532500000003e-06
395, menus, 3.1783752e-06
396, camel, 3.170945232e-06
397, court, 3.14216496e-06
398, front, 3.140090499e-06
399, those, 3.1291942499999993e-06
400, funds, 3.1144743000000004e-06
401, alice, 3.1102848e-06
402, faced, 3.1045647360000003e-06
403, plant, 3.08779716e-06
404, south, 3.08597808e-06
405, spine, 3.0725059199999997e-06
406, merit, 3.0679827750000004e-06
407, ferry, 3.0678733800000007e-06
408, perry, 3.0678733800000007e-06
409, blogs, 3.0432675000000004e-06
410, least, 3.039542064e-06
411, flags, 3.030405e-06
412, mouse, 3.026033999999999e-06
413, horse, 3.020302875e-06
414, shall, 3.009190832e-06
415, allen, 2.9991234000000004e-06
416, solve, 2.99704125e-06
417, broke, 2.9950010999999995e-06
418, whale, 2.9875568e-06
419, faith, 2.9845491840000005e-06
420, tiger, 2.9631419999999995e-06
421, chair, 2.962317096e-06
422, merry, 2.960228700000001e-06
423, crime, 2.9529748800000003e-06
424, specs, 2.95169336e-06
425, bruce, 2.9489241599999994e-06
426, trail, 2.9462585999999994e-06
427, blake, 2.945124e-06
428, learn, 2.937695904e-06
429, bound, 2.9340979200000005e-06
430, minus, 2.9338848000000003e-06
431, hosts, 2.9254041250000004e-06
432, beach, 2.915063424e-06
433, logos, 2.902809e-06
434, color, 2.885264550000001e-06
435, treat, 2.876498625e-06
436, broad, 2.86418496e-06
437, worry, 2.852124e-06
438, films, 2.8505358000000003e-06
439, giant, 2.8417020480000005e-06
440, trend, 2.8322448e-06
441, shape, 2.8314904e-06
442, fatty, 2.826400518e-06
443, space, 2.81322272e-06
444, teach, 2.8029456e-06
445, laden, 2.79746376e-06
446, brian, 2.7854985599999997e-06
447, shoot, 2.7737031140000003e-06
448, timer, 2.7655991999999995e-06
449, store, 2.7650122500000004e-06
450, rally, 2.7616689800000007e-06
451, serve, 2.747057625e-06
452, fixes, 2.7449604e-06
453, blast, 2.7277941600000004e-06
454, green, 2.726872148e-06
455, helen, 2.7262708200000005e-06
456, dirty, 2.7257439600000002e-06
457, forge, 2.7222843750000004e-06
458, cindy, 2.71153008e-06
459, betty, 2.709710172e-06
460, grams, 2.7052174800000003e-06
461, polar, 2.693349750000001e-06
462, hairy, 2.6897207040000004e-06
463, frame, 2.68410834e-06
464, moved, 2.6810784e-06
465, derek, 2.67697521e-06
466, large, 2.6757575000000003e-06
467, grade, 2.6684117999999998e-06
468, clips, 2.6671680000000004e-06
469, lover, 2.65365828e-06
470, blame, 2.6506116e-06
471, blind, 2.6501529600000005e-06
472, weeks, 2.648646e-06
473, these, 2.647779749999999e-06
474, horny, 2.6457771500000005e-06
475, discs, 2.6449416e-06
476, cable, 2.6282961000000006e-06
477, chain, 2.608607592e-06
478, dover, 2.6026263899999997e-06
479, acres, 2.5924626e-06
480, carol, 2.5916379300000005e-06
481, karen, 2.5912404700000003e-06
482, could, 2.58412032e-06
483, cocks, 2.583819e-06
484, drain, 2.5696498919999996e-06
485, mount, 2.5538171999999997e-06
486, grant, 2.552269432e-06
487, colon, 2.5407553500000003e-06
488, hayes, 2.5392667299999998e-06
489, loved, 2.53483776e-06
490, manor, 2.5329658200000007e-06
491, reset, 2.5317501299999998e-06
492, blond, 2.51212416e-06
493, mercy, 2.5117092000000004e-06
494, pearl, 2.510638416e-06
495, speed, 2.505927424e-06
496, array, 2.5049134500000002e-06
497, bunny, 2.5041875039999997e-06
498, alter, 2.48135706e-06
499, hence, 2.47390416e-06
500, ellis, 2.4718295e-06
501, crude, 2.4608124000000003e-06
502, forth, 2.45268435e-06
503, white, 2.4510335999999994e-06
504, sizes, 2.44638576e-06
505, roger, 2.4381902999999993e-06
506, crest, 2.437500681e-06
507, table, 2.4336075000000004e-06
508, bread, 2.42354112e-06
509, fault, 2.4184352160000003e-06
510, lotus, 2.4170327999999994e-06
511, death, 2.416539528e-06
512, waste, 2.406971e-06
513, slave, 2.3976329999999996e-06
514, rings, 2.389338e-06
515, harry, 2.3815235400000007e-06
516, movie, 2.3696516249999997e-06
517, chips, 2.3623488000000002e-06
518, slope, 2.3460709999999997e-06
519, heart, 2.344986072e-06
520, aaron, 2.3391514650000004e-06
521, month, 2.3387825999999995e-06
522, birth, 2.33858664e-06
523, built, 2.3384050559999996e-06
524, while, 2.3129472e-06
525, surge, 2.308780625e-06
526, ready, 2.30198436e-06
527, crash, 2.285632728e-06
528, baths, 2.27863818e-06
529, early, 2.261632570000001e-06
530, world, 2.259776e-06
531, delay, 2.2262877000000005e-06
532, randy, 2.22582276e-06
533, baker, 2.2237466160000005e-06
534, wings, 2.2226400000000004e-06
535, teeth, 2.2067545499999994e-06
536, drops, 2.2058673e-06
537, paper, 2.2054190340000003e-06
538, noise, 2.2007519999999993e-06
539, fever, 2.195688222e-06
540, rover, 2.19437127e-06
541, whole, 2.1924812e-06
542, range, 2.1866145e-06
543, donor, 2.17997766e-06
544, spice, 2.17797888e-06
545, choir, 2.173958514e-06
546, moral, 2.16662875e-06
547, whore, 2.1597576e-06
548, badly, 2.1469453200000002e-06
549, found, 2.1441484800000005e-06
550, pound, 2.1441484800000005e-06
551, model, 2.1411389999999997e-06
552, blend, 2.12564352e-06
553, worst, 2.1232830000000002e-06
554, trash, 2.1163266e-06
555, purse, 2.113897725e-06
556, kills, 2.1096558000000005e-06
557, first, 2.10821454e-06
558, trial, 2.088216e-06
559, carlo, 2.0799791550000003e-06
560, prime, 2.0780193599999998e-06
561, plain, 2.0725496399999997e-06
562, ruled, 2.0685683200000003e-06
563, grand, 2.0676613120000004e-06
564, child, 2.0672962560000005e-06
565, autos, 2.0590135649999997e-06
566, voice, 2.0540352000000004e-06
567, start, 2.0527518000000006e-06
568, hotel, 2.0516004599999995e-06
569, maria, 2.050964575e-06
570, steel, 2.0467447e-06
571, brave, 2.0405501999999998e-06
572, field, 2.0325634560000002e-06
573, frost, 2.027147031e-06
574, march, 2.0111476000000004e-06
575, aimed, 2.0077424639999997e-06
576, elite, 2.0062895999999997e-06
577, diana, 1.996385616e-06
578, stand, 1.9905472000000004e-06
579, needs, 1.9864844999999996e-06
580, cheat, 1.9856736900000004e-06
581, merge, 1.9827843750000005e-06
582, bench, 1.974720384e-06
583, packs, 1.9590102000000004e-06
584, donna, 1.94093046e-06
585, flame, 1.9369854e-06
586, guess, 1.9300026899999995e-06
587, truly, 1.9185048000000004e-06
588, basin, 1.90980699e-06
589, clear, 1.9013494500000003e-06
590, heard, 1.899735552e-06
591, weird, 1.8977587200000002e-06
592, build, 1.8944040959999998e-06
593, third, 1.8855935999999999e-06
594, taken, 1.8829082999999998e-06
595, relay, 1.8770661000000003e-06
596, years, 1.8767548800000002e-06
597, shark, 1.8687836640000003e-06
598, shell, 1.8686104360000002e-06
599, float, 1.8644671500000002e-06
600, women, 1.8641167999999998e-06
601, today, 1.8588375e-06
602, camps, 1.8559044000000002e-06
603, latin, 1.8552410759999995e-06
604, perth, 1.8513810899999998e-06
605, liver, 1.8490006079999999e-06
606, holly, 1.8479069000000004e-06
607, noted, 1.8415488e-06
608, scale, 1.83590184e-06
609, funny, 1.8299831760000002e-06
610, where, 1.8274872e-06
611, armed, 1.8032501759999998e-06
612, catch, 1.777123152e-06
613, bytes, 1.7737901999999997e-06
614, total, 1.77269625e-06
615, lived, 1.7662095359999998e-06
616, token, 1.7476094999999997e-06
617, euros, 1.7459471750000002e-06
618, prior, 1.742563872e-06
619, pulse, 1.74085695e-06
620, super, 1.7360231979999999e-06
621, oasis, 1.7284541750000002e-06
622, worth, 1.7211819999999999e-06
623, clara, 1.71692136e-06
624, grain, 1.713099928e-06
625, snake, 1.712595e-06
626, batch, 1.711303776e-06
627, house, 1.7055828e-06
628, their, 1.7032438499999997e-06
629, burke, 1.7015894999999998e-06
630, kinds, 1.7003196000000002e-06
631, rider, 1.6988680799999998e-06
632, maple, 1.695413225e-06
633, malta, 1.68902965e-06
634, filme, 1.6870518000000002e-06
635, cloth, 1.68515802e-06
636, clean, 1.67432265e-06
637, whose, 1.6689035999999997e-06
638, pilot, 1.6680913200000002e-06
639, alike, 1.666224e-06
640, paths, 1.6651586700000002e-06
641, locks, 1.658748e-06
642, henry, 1.6488632160000002e-06
643, jokes, 1.6449251e-06
644, leave, 1.6408547999999996e-06
645, wanna, 1.64015376e-06
646, minor, 1.6380856800000002e-06
647, bible, 1.6367832e-06
648, piano, 1.628212752e-06
649, round, 1.6175155199999997e-06
650, reach, 1.6070221439999999e-06
651, handy, 1.6046629200000002e-06
652, alert, 1.6018972200000002e-06
653, porno, 1.601829675e-06
654, wheel, 1.59871712e-06
655, milan, 1.5945930000000002e-06
656, atlas, 1.5885187500000004e-06
657, rhode, 1.5830041499999997e-06
658, crack, 1.5822112320000002e-06
659, wider, 1.5803424e-06
660, shows, 1.57995747e-06
661, joint, 1.5787233600000003e-06
662, burst, 1.5760239299999998e-06
663, towns, 1.575013125e-06
664, drums, 1.57077144e-06
665, frank, 1.5707004360000002e-06
666, maker, 1.5680264600000003e-06
667, voted, 1.5653164800000001e-06
668, story, 1.5636621000000003e-06
669, blood, 1.55815296e-06
670, chest, 1.5579901260000001e-06
671, ranch, 1.5538535040000002e-06
672, safer, 1.5517352760000002e-06
673, blank, 1.5510986400000002e-06
674, final, 1.54614096e-06
675, sucks, 1.5420593999999997e-06
676, river, 1.528981272e-06
677, texts, 1.52641125e-06
678, ellen, 1.5258698e-06
679, swiss, 1.5233904e-06
680, tribe, 1.5190200000000001e-06
681, notre, 1.513017e-06
682, poker, 1.50827586e-06
683, korea, 1.5082476500000003e-06
684, sagem, 1.50541482e-06
685, wound, 1.5046656e-06
686, fiber, 1.50132528e-06
687, haven, 1.500946902e-06
688, wrist, 1.50072192e-06
689, mario, 1.496649825e-06
690, katie, 1.490602755e-06
691, fruit, 1.4885837279999997e-06
692, racks, 1.4778497999999999e-06
693, heath, 1.4688769679999997e-06
694, track, 1.4650104e-06
695, drill, 1.4636787840000002e-06
696, focus, 1.4545944e-06
697, drugs, 1.454418e-06
698, label, 1.4540489600000003e-06
699, fatal, 1.4515523100000002e-06
700, spain, 1.4513041839999997e-06
701, wendy, 1.4506128000000002e-06
702, touch, 1.4374080000000002e-06
703, motor, 1.4273663249999998e-06
704, stage, 1.4271625e-06
705, smile, 1.42134336e-06
706, disks, 1.416933e-06
707, badge, 1.4165775000000002e-06
708, stops, 1.4157325000000002e-06
709, eagle, 1.4114923500000002e-06
710, china, 1.409213376e-06
711, boxed, 1.4082432e-06
712, trust, 1.4069267999999998e-06
713, sweet, 1.4060246200000003e-06
714, theme, 1.4017657499999997e-06
715, texas, 1.39741875e-06
716, twins, 1.39356e-06
717, level, 1.3752516959999999e-06
718, rocks, 1.3716569999999998e-06
719, lucas, 1.3680211999999997e-06
720, draws, 1.35260874e-06
721, devel, 1.3488045479999999e-06
722, clark, 1.3456951200000002e-06
723, earth, 1.3444652300000003e-06
724, scene, 1.3442213399999999e-06
725, spent, 1.342676258e-06
726, greek, 1.3403269880000002e-06
727, mouth, 1.3364471999999997e-06
728, score, 1.3272058800000001e-06
729, sport, 1.325680356e-06
730, honor, 1.3250844600000004e-06
731, singh, 1.3249656000000002e-06
732, thank, 1.3209906e-06
733, great, 1.30401271e-06
734, gonna, 1.29395364e-06
735, fully, 1.2933425400000003e-06
736, sonic, 1.29141474e-06
737, nancy, 1.28833152e-06
738, condo, 1.2813633e-06
739, would, 1.2761088e-06
740, picks, 1.2669048e-06
741, spray, 1.2658217000000002e-06
742, guide, 1.2565583999999998e-06
743, trout, 1.2551994e-06
744, yards, 1.2519990000000002e-06
745, patch, 1.250568144e-06
746, verse, 1.250235675e-06
747, arena, 1.244417559e-06
748, helps, 1.244061e-06
749, cedar, 1.2381700500000003e-06
750, annie, 1.2323115e-06
751, match, 1.20668856e-06
752, blink, 1.2008505600000002e-06
753, steps, 1.1979275e-06
754, risks, 1.194669e-06
755, floor, 1.1920244700000004e-06
756, lamps, 1.1914448000000002e-06
757, marco, 1.1804562000000003e-06
758, brick, 1.179569664e-06
759, fibre, 1.1782584e-06
760, glory, 1.1721309600000003e-06
761, layer, 1.164819656e-06
762, shock, 1.163651216e-06
763, flash, 1.16070696e-06
764, rouge, 1.1597099999999997e-06
765, costa, 1.154369475e-06
766, begin, 1.1468644199999999e-06
767, tamil, 1.1453862e-06
768, truth, 1.1404871999999999e-06
769, flood, 1.1386502400000003e-06
770, trick, 1.1342016000000002e-06
771, dicks, 1.1335464e-06
772, cabin, 1.1332920600000002e-06
773, herbs, 1.1329841250000001e-06
774, ahead, 1.1320108800000002e-06
775, alloy, 1.1222274000000003e-06
776, simon, 1.110282768e-06
777, bitch, 1.1067114239999996e-06
778, spoke, 1.1060048999999999e-06
779, verde, 1.103149125e-06
780, black, 1.0995129600000002e-06
781, break, 1.0981670700000001e-06
782, delta, 1.0972716299999999e-06
783, split, 1.09700822e-06
784, probe, 1.094327325e-06
785, prove, 1.094327325e-06
786, named, 1.0893209600000001e-06
787, drink, 1.0880233920000002e-06
788, spend, 1.087737728e-06
789, jenny, 1.0823183280000002e-06
790, kenny, 1.0823183280000002e-06
791, samoa, 1.076653676e-06
792, allan, 1.0711155000000001e-06
793, given, 1.064608272e-06
794, hoped, 1.0634041600000001e-06
795, bacon, 1.0544286480000002e-06
796, fraud, 1.053075456e-06
797, guard, 1.0506946560000003e-06
798, began, 1.0499463e-06
799, david, 1.044933696e-06
800, drive, 1.0329336e-06
801, scary, 1.022738112e-06
802, think, 1.0227024e-06
803, laura, 1.017903744e-06
804, login, 1.0129001999999997e-06
805, susan, 1.005747925e-06
806, clubs, 1.000188e-06
807, fresh, 9.98769618e-07
808, bunch, 9.957991679999998e-07
809, tower, 9.9228675e-07
810, gauge, 9.879720000000002e-07
811, smart, 9.85320864e-07
812, metal, 9.8127315e-07
813, wheat, 9.805796e-07
814, drove, 9.79134975e-07
815, sugar, 9.789604500000002e-07
816, brook, 9.78367026e-07
817, grill, 9.757858560000002e-07
818, teddy, 9.713924999999998e-07
819, yours, 9.624383999999998e-07
820, elvis, 9.534199499999999e-07
821, vegas, 9.502447500000003e-07
822, bucks, 9.470915999999997e-07
823, kings, 9.446220000000002e-07
824, daddy, 9.428319000000001e-07
825, still, 9.393936000000002e-07
826, radar, 9.3819765e-07
827, busty, 9.377495400000001e-07
828, patio, 9.30644073e-07
829, mason, 9.293842250000001e-07
830, logan, 9.273029999999999e-07
831, digit, 9.268311599999999e-07
832, brief, 9.253520639999998e-07
833, virus, 9.176328000000001e-07
834, milfs, 9.16839e-07
835, liked, 9.158123519999999e-07
836, jerry, 9.149797800000003e-07
837, kerry, 9.149797800000003e-07
838, casio, 9.075940650000001e-07
839, stood, 9.060688000000002e-07
840, valid, 9.030291200000001e-07
841, grave, 8.894706e-07
842, click, 8.839756800000001e-07
843, curve, 8.83517625e-07
844, limit, 8.820040319999999e-07
845, watch, 8.775916800000001e-07
846, lodge, 8.765249999999999e-07
847, pasta, 8.752244550000001e-07
848, sleep, 8.720912199999999e-07
849, fluid, 8.702668800000002e-07
850, meyer, 8.631522900000001e-07
851, sudan, 8.6206965e-07
852, north, 8.605909999999999e-07
853, dodge, 8.596687499999999e-07
854, glenn, 8.541748600000001e-07
855, brush, 8.519921279999999e-07
856, favor, 8.437736790000003e-07
857, rebel, 8.423906399999999e-07
858, wayne, 8.417133999999999e-07
859, clock, 8.379352800000001e-07
860, clerk, 8.356332600000002e-07
861, allah, 8.351070000000001e-07
862, alive, 8.33112e-07
863, being, 8.305390080000002e-07
864, craig, 8.300763360000001e-07
865, guild, 8.25765888e-07
866, jamie, 8.1837014e-07
867, apart, 8.10756144e-07
868, lanka, 8.0969616e-07
869, pitch, 8.087506559999999e-07
870, block, 8.0690064e-07
871, flows, 8.0061345e-07
872, trunk, 8.000172000000001e-07
873, spank, 7.93730696e-07
874, cloud, 7.9252992e-07
875, niger, 7.901712e-07
876, linda, 7.854537599999998e-07
877, error, 7.849817150000004e-07
878, chick, 7.829498880000001e-07
879, juice, 7.8185856e-07
880, scott, 7.77878556e-07
881, cargo, 7.761116250000001e-07
882, ghost, 7.72875012e-07
883, proud, 7.72821504e-07
884, sheep, 7.724236519999999e-07
885, civil, 7.71416136e-07
886, never, 7.7041692e-07
887, cache, 7.688746800000001e-07
888, welsh, 7.685496000000001e-07
889, kelly, 7.649296200000003e-07
890, ghana, 7.64048816e-07
891, power, 7.5413793e-07
892, keeps, 7.504497000000001e-07
893, elder, 7.426146000000001e-07
894, nurse, 7.417184999999999e-07
895, lewis, 7.408182599999999e-07
896, focal, 7.396662000000001e-07
897, steal, 7.309802500000001e-07
898, punch, 7.276993920000001e-07
899, plays, 7.272972e-07
900, thick, 7.249536e-07
901, mixer, 7.243236e-07
902, acids, 7.239455999999999e-07
903, julie, 7.228119499999999e-07
904, vault, 7.212876960000001e-07
905, flesh, 7.2076158e-07
906, tommy, 7.206570000000001e-07
907, doing, 7.194182399999999e-07
908, fixed, 7.1705088e-07
909, roman, 7.156876999999998e-07
910, manga, 7.136745000000001e-07
911, congo, 7.118685000000001e-07
912, skins, 7.079284799999999e-07
913, gotta, 7.060587899999999e-07
914, ratio, 7.020648269999999e-07
915, novel, 7.007364e-07
916, funky, 6.9493032e-07
917, shaft, 6.94203336e-07
918, craft, 6.92704548e-07
919, mixed, 6.918912e-07
920, value, 6.915804000000001e-07
921, elect, 6.915154400000001e-07
922, bring, 6.88566528e-07
923, lower, 6.8798548e-07
924, myers, 6.847995e-07
925, nasty, 6.805918e-07
926, aware, 6.764076e-07
927, local, 6.747832e-07
928, honda, 6.720273e-07
929, dicke, 6.708743999999999e-07
930, woman, 6.657559999999999e-07
931, lunch, 6.63866112e-07
932, dryer, 6.635608979999999e-07
933, spell, 6.630553160000001e-07
934, grows, 6.617601899999999e-07
935, grove, 6.527566499999999e-07
936, claim, 6.489428399999999e-07
937, rural, 6.4477855e-07
938, tough, 6.417e-07
939, tyler, 6.401850000000001e-07
940, stack, 6.393688000000001e-07
941, sized, 6.390558720000001e-07
942, types, 6.354075000000001e-07
943, check, 6.279910560000001e-07
944, panic, 6.24484476e-07
945, derby, 6.2384985e-07
946, outer, 6.23759682e-07
947, keith, 6.23623104e-07
948, guest, 6.223273979999999e-07
949, rapid, 6.19978816e-07
950, buyer, 6.172846679999999e-07
951, photo, 6.16495698e-07
952, chief, 6.14210688e-07
953, which, 6.1329408e-07
954, drama, 6.128145719999999e-07
955, modem, 6.051044999999998e-07
956, smoke, 6.032753999999999e-07
957, order, 6.0323718e-07
958, noble, 6.0233e-07
959, emacs, 5.920454400000001e-07
960, metro, 5.8482567e-07
961, twice, 5.8464e-07
962, tulsa, 5.844982499999999e-07
963, flour, 5.8384872e-07
964, small, 5.82424032e-07
965, venue, 5.8142448e-07
966, zones, 5.805618e-07
967, wagon, 5.793563999999999e-07
968, stays, 5.78739e-07
969, argue, 5.772275999999999e-07
970, medal, 5.772195000000001e-07
971, mpegs, 5.7066625e-07
972, labor, 5.701914400000001e-07
973, quiet, 5.700589440000001e-07
974, fewer, 5.692525020000002e-07
975, witch, 5.675443199999999e-07
976, truck, 5.671008000000001e-07
977, audit, 5.6589201e-07
978, align, 5.649840000000002e-07
979, latex, 5.64234216e-07
980, study, 5.623560000000001e-07
981, robin, 5.583936999999998e-07
982, opens, 5.5738529e-07
983, heavy, 5.5319004e-07
984, decor, 5.48510508e-07
985, legal, 5.457347999999999e-07
986, kitty, 5.45148792e-07
987, naked, 5.446604800000001e-07
988, drunk, 5.440116960000001e-07
989, realm, 5.43368124e-07
990, cohen, 5.3926236e-07
991, shift, 5.37447744e-07
992, anime, 5.355720000000001e-07
993, flyer, 5.351946600000001e-07
994, charm, 5.34300624e-07
995, steve, 5.31733125e-07
996, devil, 5.261819939999998e-07
997, reply, 5.25165966e-07
998, anger, 5.212935e-07
999, robot, 5.160042999999999e-07
1000, pixel, 5.153803199999999e-07
1001, jesse, 5.148029250000001e-07
1002, agree, 5.114382e-07
1003, cream, 5.112157050000001e-07
1004, buddy, 5.094413999999999e-07
1005, armor, 5.08247796e-07
1006, media, 5.071423499999999e-07
1007, ridge, 5.050349999999999e-07
1008, stick, 4.949952000000001e-07
1009, lemon, 4.92487632e-07
1010, pussy, 4.922423100000001e-07
1011, sword, 4.881676800000001e-07
1012, going, 4.796121600000001e-07
1013, laugh, 4.793568000000001e-07
1014, smith, 4.778288639999999e-07
1015, bingo, 4.776408e-07
1016, chevy, 4.7563362000000003e-07
1017, globe, 4.710615e-07
1018, calif, 4.7060433000000003e-07
1019, stock, 4.6921420000000015e-07
1020, dildo, 4.6845539999999994e-07
1021, yeast, 4.67621856e-07
1022, adams, 4.6754820000000006e-07
1023, viral, 4.666194e-07
1024, devon, 4.65766119e-07
1025, cisco, 4.6294416e-07
1026, ralph, 4.624564000000001e-07
1027, pumps, 4.614036e-07
1028, hello, 4.5928701000000014e-07
1029, units, 4.59228e-07
1030, rocky, 4.5908519999999997e-07
1031, macro, 4.5829476000000007e-07
1032, retro, 4.57227342e-07
1033, sight, 4.5509688e-07
1034, sharp, 4.5108571200000006e-07
1035, enter, 4.5087315e-07
1036, doubt, 4.496363999999999e-07
1037, flush, 4.4930592e-07
1038, sixth, 4.4796456e-07
1039, depot, 4.3886688300000003e-07
1040, draft, 4.36147308e-07
1041, older, 4.3532580000000014e-07
1042, utils, 4.33356e-07
1043, nerve, 4.3260749999999994e-07
1044, valve, 4.3223775000000005e-07
1045, aside, 4.2845759999999994e-07
1046, alarm, 4.2450408e-07
1047, width, 4.232736e-07
1048, thing, 4.231872e-07
1049, angle, 4.1531625e-07
1050, radio, 4.1297930999999997e-07
1051, crowd, 4.11832512e-07
1052, sigma, 4.1106851999999997e-07
1053, inner, 4.0971840000000006e-07
1054, jesus, 4.093362000000001e-07
1055, quite, 4.0817616e-07
1056, tumor, 4.067637e-07
1057, speak, 4.0553513000000003e-07
1058, scope, 4.021836e-07
1059, thong, 4.011462e-07
1060, dutch, 3.953103839999999e-07
1061, serum, 3.9406068000000005e-07
1062, chuck, 3.9147494400000004e-07
1063, edges, 3.87933e-07
1064, begun, 3.8767247999999997e-07
1065, quote, 3.8691698499999994e-07
1066, klein, 3.8383807e-07
1067, gifts, 3.8324664000000003e-07
1068, shown, 3.8047955399999995e-07
1069, crown, 3.79658097e-07
1070, graph, 3.7623584e-07
1071, depth, 3.70276218e-07
1072, refer, 3.68088084e-07
1073, rough, 3.679079999999999e-07
1074, promo, 3.66788331e-07
1075, brown, 3.6559668599999993e-07
1076, smell, 3.6166653600000007e-07
1077, visit, 3.6043434e-07
1078, angel, 3.5790299999999997e-07
1079, lexus, 3.577392e-07
1080, basic, 3.5606571000000004e-07
1081, tahoe, 3.559605e-07
1082, irish, 3.4953523199999995e-07
1083, april, 3.4812293999999994e-07
1084, highs, 3.4450919999999996e-07
1085, along, 3.4420932000000006e-07
1086, asset, 3.4420932000000006e-07
1087, queen, 3.41479138e-07
1088, dozen, 3.3953555999999997e-07
1089, style, 3.3929637500000006e-07
1090, icons, 3.3817056e-07
1091, acute, 3.380054399999999e-07
1092, wrong, 3.3471984e-07
1093, mayor, 3.31697905e-07
1094, samba, 3.2958786e-07
1095, drawn, 3.2573026799999996e-07
1096, dream, 3.21876555e-07
1097, saudi, 3.2068008e-07
1098, crazy, 3.1955990400000006e-07
1099, bryan, 3.191717099999999e-07
1100, villa, 3.1860108000000006e-07
1101, bloom, 3.1649982e-07
1102, views, 3.1172526e-07
1103, paxil, 3.1089054000000005e-07
1104, prize, 3.0785471999999996e-07
1105, renew, 3.0765571200000005e-07
1106, gnome, 3.0282525000000005e-07
1107, award, 2.9855232000000003e-07
1108, bobby, 2.9741399999999997e-07
1109, micro, 2.9638224e-07
1110, disco, 2.9148336e-07
1111, twist, 2.9008799999999997e-07
1112, sanyo, 2.886120720000001e-07
1113, jason, 2.872642150000001e-07
1114, diego, 2.8627829999999997e-07
1115, yield, 2.8527206400000004e-07
1116, shelf, 2.8435376200000007e-07
1117, syria, 2.8358464999999993e-07
1118, yemen, 2.81421504e-07
1119, vital, 2.7997164e-07
1120, evans, 2.7840232000000006e-07
1121, comic, 2.7455273999999997e-07
1122, italy, 2.725024e-07
1123, video, 2.7066312e-07
1124, naval, 2.6963820000000006e-07
1125, tight, 2.68758e-07
1126, amend, 2.66289408e-07
1127, scout, 2.62944864e-07
1128, qatar, 2.5964074500000007e-07
1129, tampa, 2.59518e-07
1130, kinda, 2.5678296000000004e-07
1131, theft, 2.5457354999999994e-07
1132, ended, 2.53344e-07
1133, asian, 2.5182143999999997e-07
1134, sparc, 2.51527056e-07
1135, inter, 2.4875760000000004e-07
1136, olive, 2.4847200000000006e-07
1137, storm, 2.4789765000000004e-07
1138, stuck, 2.4749760000000004e-07
1139, haiti, 2.47005024e-07
1140, vsnet, 2.4638140800000004e-07
1141, mardi, 2.45928375e-07
1142, karma, 2.4107368500000005e-07
1143, joyce, 2.353582e-07
1144, forum, 2.343042e-07
1145, apple, 2.3146959e-07
1146, angry, 2.3136300000000006e-07
1147, debut, 2.2626864000000002e-07
1148, lucia, 2.2566980799999992e-07
1149, kevin, 2.2496186700000002e-07
1150, vocal, 2.2060220000000002e-07
1151, cycle, 2.203362e-07
1152, maybe, 2.1975112499999997e-07
1153, royal, 2.1921184999999998e-07
1154, magic, 2.1520454999999996e-07
1155, fifty, 2.15041392e-07
1156, lucky, 2.1132383999999997e-07
1157, quilt, 2.0985686400000003e-07
1158, japan, 2.06863735e-07
1159, steam, 2.0658137500000003e-07
1160, fight, 2.0425608000000002e-07
1161, johns, 2.040017e-07
1162, items, 2.0374200000000003e-07
1163, entry, 2.001087e-07
1164, newer, 1.9973772000000005e-07
1165, added, 1.9918080000000003e-07
1166, lobby, 1.9827599999999997e-07
1167, cyber, 1.975428e-07
1168, might, 1.9708919999999998e-07
1169, human, 1.9639802e-07
1170, ideas, 1.96196e-07
1171, youth, 1.9439231999999995e-07
1172, audio, 1.9340613e-07
1173, skirt, 1.9070726399999997e-07
1174, organ, 1.8971745e-07
1175, logic, 1.8884579999999993e-07
1176, light, 1.8633887999999997e-07
1177, orbit, 1.8498481999999997e-07
1178, sperm, 1.84588404e-07
1179, civic, 1.84469076e-07
1180, julia, 1.8444167e-07
1181, emily, 1.8354355200000003e-07
1182, cheap, 1.7594577000000002e-07
1183, lycos, 1.7479279999999998e-07
1184, owner, 1.7413032000000003e-07
1185, proof, 1.7257667700000002e-07
1186, topic, 1.7250337499999998e-07
1187, query, 1.7210701200000004e-07
1188, intel, 1.707888e-07
1189, vista, 1.6881102e-07
1190, humor, 1.6812899600000002e-07
1191, amber, 1.6681392e-07
1192, owned, 1.6633344000000002e-07
1193, kathy, 1.6621777200000003e-07
1194, users, 1.6435187999999998e-07
1195, happy, 1.6131532000000003e-07
1196, papua, 1.6060456800000002e-07
1197, relax, 1.6023735e-07
1198, grown, 1.5936265799999997e-07
1199, gamma, 1.5882501600000003e-07
1200, right, 1.5408791999999997e-07
1201, unity, 1.537008e-07
1202, annex, 1.524978e-07
1203, turbo, 1.5233062499999998e-07
1204, kodak, 1.4900925000000001e-07
1205, aruba, 1.4729255999999999e-07
1206, adult, 1.4481648000000004e-07
1207, combo, 1.423737e-07
1208, email, 1.40934432e-07
1209, amino, 1.4006131200000002e-07
1210, floyd, 1.3942656000000001e-07
1211, miami, 1.3920984e-07
1212, dylan, 1.3690949999999999e-07
1213, strip, 1.34127875e-07
1214, nepal, 1.329354e-07
1215, apply, 1.3090004400000001e-07
1216, quest, 1.28126229e-07
1217, setup, 1.2731191200000002e-07
1218, lloyd, 1.2719616e-07
1219, below, 1.2520872000000004e-07
1220, enemy, 1.2359655000000003e-07
1221, indie, 1.2353999999999998e-07
1222, strap, 1.2279312500000004e-07
1223, upset, 1.2178166e-07
1224, fifth, 1.2063297599999998e-07
1225, again, 1.1843140799999998e-07
1226, hobby, 1.1820300000000002e-07
1227, onion, 1.1795280000000001e-07
1228, jewel, 1.16563356e-07
1229, swing, 1.1558016000000002e-07
1230, actor, 1.1452417200000002e-07
1231, nokia, 1.1401179999999998e-07
1232, jimmy, 1.1381731200000001e-07
1233, multi, 1.1289355000000001e-07
1234, adobe, 1.1281724999999999e-07
1235, skill, 1.12727232e-07
1236, asked, 1.11541248e-07
1237, queue, 1.1066748e-07
1238, agent, 1.09566996e-07
1239, judge, 1.0907624999999998e-07
1240, puppy, 1.0479108000000001e-07
1241, mambo, 1.041579e-07
1242, eight, 1.0391976e-07
1243, under, 1.0060050000000001e-07
1244, ultra, 9.589733999999999e-08
1245, exams, 9.515016e-08
1246, screw, 9.430512000000001e-08
1247, avoid, 9.427891199999999e-08
1248, rugby, 9.361529999999998e-08
1249, arrow, 9.211314000000002e-08
1250, toxic, 9.079125e-08
1251, newly, 8.999172000000002e-08
1252, msgid, 8.99712e-08
1253, eddie, 8.956649999999998e-08
1254, admit, 8.951964000000001e-08
1255, music, 8.8702075e-08
1256, nikon, 8.742384e-08
1257, swift, 8.668512e-08
1258, image, 8.6304e-08
1259, knows, 8.5278375e-08
1260, apnic, 8.226741599999999e-08
1261, adopt, 8.19546e-08
1262, urban, 8.18389e-08
1263, abuse, 8.093087999999999e-08
1264, linux, 7.9252992e-08
1265, throw, 7.7469e-08
1266, union, 7.632240000000001e-08
1267, uncle, 7.480550000000001e-08
1268, volvo, 7.470225000000002e-08
1269, cubic, 7.464797999999999e-08
1270, stamp, 7.44093e-08
1271, plaza, 7.322448e-08
1272, diffs, 7.287083999999999e-08
1273, night, 7.166880000000001e-08
1274, after, 7.0895916e-08
1275, opera, 7.032471599999999e-08
1276, remix, 7.0011396e-08
1277, ebony, 6.8381768e-08
1278, admin, 6.685644000000001e-08
1279, essay, 6.491940000000002e-08
1280, epson, 6.455603e-08
1281, howto, 6.4478295e-08
1282, quick, 6.438835200000001e-08
1283, exact, 6.363481600000001e-08
1284, knock, 6.280820000000001e-08
1285, mazda, 6.11721e-08
1286, major, 6.030871000000001e-08
1287, ocean, 6.024018e-08
1288, usage, 5.933399999999999e-08
1289, among, 5.9007312e-08
1290, climb, 5.878656e-08
1291, young, 5.642496e-08
1292, upper, 5.6068011999999993e-08
1293, event, 5.5744612e-08
1294, allow, 5.474280000000002e-08
1295, knife, 5.3244e-08
1296, group, 5.0419824e-08
1297, every, 4.8339984e-08
1298, scoop, 4.7568612e-08
1299, lying, 4.732415999999999e-08
1300, dying, 4.641407999999999e-08
1301, until, 4.580565e-08
1302, above, 4.51269e-08
1303, exist, 4.4866944e-08
1304, oxide, 4.25952e-08
1305, vinyl, 4.256582400000001e-08
1306, yacht, 4.137324800000001e-08
1307, proxy, 4.1257398000000005e-08
1308, delhi, 4.0933620000000006e-08
1309, scuba, 4.0599359999999994e-08
1310, nylon, 4.0474e-08
1311, about, 3.9338208000000005e-08
1312, alpha, 3.9269580000000005e-08
1313, empty, 3.8495063999999996e-08
1314, edgar, 3.78885e-08
1315, kenya, 3.7090872e-08
1316, ideal, 3.6836800000000003e-08
1317, intro, 3.6352800000000004e-08
1318, lyric, 3.452019999999999e-08
1319, debug, 3.4369920000000004e-08
1320, cliff, 3.429216e-08
1321, ought, 3.327954e-08
1322, india, 3.1524e-08
1323, ivory, 3.1519488e-08
1324, lopez, 2.787148e-08
1325, dubai, 2.7381899999999995e-08
1326, excel, 2.7192256000000005e-08
1327, tokyo, 2.6365500000000002e-08
1328, squad, 2.535936e-08
1329, album, 2.4897600000000004e-08
1330, oscar, 2.4875760000000003e-08
1331, staff, 2.48031e-08
1332, thumb, 2.41056e-08
1333, issue, 2.3385600000000003e-08
1334, aging, 2.0749824e-08
1335, other, 2.0729800000000007e-08
1336, known, 2.0536425e-08
1337, yukon, 1.9103728e-08
1338, usual, 1.8944639999999996e-08
1339, often, 1.8619692000000002e-08
1340, ozone, 1.7720885e-08
1341, isaac, 1.702272e-08
1342, czech, 1.6066512e-08
1343, jacob, 1.5580432000000007e-08
1344, essex, 1.5517320000000002e-08
1345, index, 1.5288e-08
1346, twiki, 1.5120000000000002e-08
1347, ebook, 1.5000076000000003e-08
1348, omega, 1.4529900000000001e-08
1349, extra, 1.4446872000000002e-08
1350, input, 1.4409600000000001e-08
1351, omaha, 1.3103328e-08
1352, xanax, 1.2765480000000001e-08
1353, hindu, 1.2655440000000001e-08
1354, skype, 1.2153899999999999e-08
1355, zdnet, 1.207752e-08
1356, using, 1.2013056e-08
1357, islam, 1.1356800000000001e-08
1358, endif, 1.0809749999999999e-08
1359, stuff, 9.6012e-09
1360, ascii, 9.518544000000001e-09
1361, occur, 9.184896000000002e-09
1362, xhtml, 7.854408e-09
1363, idaho, 7.499520000000002e-09
1364, yahoo, 7.070112000000001e-09
1365, xerox, 6.8222700000000015e-09
1366, enjoy, 5.826100000000001e-09
1367, tvcom, 5.350799999999999e-09
1368, rehab, 5.23224e-09
1369, sbjct, 4.4947840000000005e-09
1370, fuzzy, 4.412256000000001e-09
1371, equal, 4.16208e-09
1372, phpbb, 4.0287600000000005e-09
1373, awful, 3.775680000000001e-09
1374, pizza, 3.6443519999999995e-09
1375, inbox, 2.7440000000000005e-09
1376, offer, 2.4875760000000006e-09
1377, egypt, 2.0160800000000003e-09
1378, iraqi, 1.3471360000000001e-09
1379, mysql, 8.855000000000002e-10
